Dimension,Valeur propre,% valeur propre,% cum. val. prop.
Dim1,2.7973605959805834,46.46,46.46
Dim2,1.2203948055365177,20.27,66.73
Dim3,0.9421161648748847,15.65,82.38
Dim4,0.8321963490720689,13.82,96.2
Dim5,0.15809801304292612,2.63,98.83
Dim6,0.07073999483796463,1.17,100.0
