cluster;number_of_variants;height_external;width_external;volume;blast_resistance;luminance;conductive;full_cube;spawnable;movable
0;2.3793103448275863;10.03448275862069;10.551724137931034;2306.206896551724;157.81034482758622;12.093103448275862;0.5517241379310345;0.896551724137931;0.9310344827586207;1.3793103448275863
1;8.845333333333333;16.170666666666666;16.181333333333335;4270.250666666667;16.0012;0.19466666666666665;1.952;1.944;4.973333333333334;2.7333333333333334
2;14.423728813559322;19.3135593220339;13.991525423728813;3727.0169491525426;35.063559322033896;0.00847457627118644;0.0;0.6779661016949152;0.23728813559322035;2.7796610169491527
3;60.06666666666667;12.0;14.066666666666666;2422.4;52.61;0.0;0.5166666666666667;0.5166666666666667;4.0;3.0
4;18.353191489361702;9.446808510638299;11.127659574468085;1144.7106382978723;37.96127659574468;0.48723404255319147;0.0;0.01276595744680851;0.11063829787234042;1.251063829787234
5;1.5454545454545454;11.454545454545455;11.454545454545455;2856.0;3600000.1363636362;3.5;1.2727272727272727;1.2727272727272727;2.272727272727273;0.0
6;13.680628272251308;0.07329842931937172;0.0;0.0;20.161256544502617;0.14659685863874344;0.0;0.0;0.0;1.1832460732984293
